用户名,密码 
stu1,11223344
stu2,11223344
stu3,11223344
stu4,11223344
stu5,11223344
stu6,11223344
stu7,11223344
stu8,11223344
stu9,11223344
stu10,11223344
stu11,11223344
stu12,11223344
stu13,11223344
stu14,11223344
stu15,11223344
stu16,11223344
stu17,11223344
stu18,11223344
stu19,11223344
stu20,11223344
stu21,11223344
stu22,11223344
stu23,11223344
stu24,11223344
stu25,11223344
stu26,11223344
stu27,11223344
stu28,11223344
stu29,11223344
stu30,11223344
stu31,11223344
stu32,11223344
stu33,11223344
stu34,11223344
stu35,11223344
stu36,11223344
stu37,11223344
stu38,11223344
stu39,11223344
stu40,11223344
stu41,11223344
stu42,11223344
stu43,11223344
stu44,11223344
stu45,11223344
stu46,11223344
stu47,11223344
stu48,11223344
stu49,11223344
stu50,11223344
stu51,11223344
stu52,11223344
stu53,11223344
stu54,11223344
stu55,11223344
stu56,11223344
stu57,11223344
stu58,11223344
stu59,11223344
stu60,11223344
stu61,11223344
stu62,11223344
stu63,11223344
stu64,11223344
stu65,11223344
stu66,11223344
stu67,11223344
stu68,11223344
stu69,11223344
stu70,11223344
stu71,11223344
stu72,11223344
stu73,11223344
stu74,11223344
stu75,11223344
stu76,11223344
stu77,11223344
stu78,11223344
stu79,11223344
stu80,11223344
stu81,11223344
stu82,11223344
stu83,11223344
stu84,11223344
stu85,11223344
stu86,11223344
stu87,11223344
stu88,11223344
stu89,11223344
stu90,11223344
stu91,11223344
stu92,11223344
stu93,11223344
stu94,11223344
stu95,11223344
stu96,11223344
stu97,11223344
stu98,11223344
stu99,11223344
stu100,11223344
stu101,11223344
stu102,11223344
stu103,11223344
stu104,11223344
stu105,11223344
stu106,11223344
stu107,11223344
stu108,11223344
stu109,11223344
stu110,11223344
stu111,11223344
stu112,11223344
stu113,11223344
stu114,11223344
stu115,11223344
stu116,11223344
stu117,11223344
stu118,11223344
stu119,11223344
stu120,11223344
stu121,11223344
stu122,11223344
stu123,11223344
stu124,11223344
stu125,11223344
stu126,11223344
stu127,11223344
stu128,11223344
stu129,11223344
stu130,11223344
stu131,11223344
stu132,11223344
stu133,11223344
stu134,11223344
stu135,11223344
stu136,11223344
stu137,11223344
stu138,11223344
stu139,11223344
stu140,11223344
stu141,11223344
stu142,11223344
stu143,11223344
stu144,11223344
stu145,11223344
stu146,11223344
stu147,11223344
stu148,11223344
stu149,11223344
stu150,11223344
stu151,11223344
stu152,11223344
stu153,11223344
stu154,11223344
stu155,11223344
stu156,11223344
stu157,11223344
stu158,11223344
stu159,11223344
stu160,11223344
stu161,11223344
stu162,11223344
stu163,11223344
stu164,11223344
stu165,11223344
stu166,11223344
stu167,11223344
stu168,11223344
stu169,11223344
stu170,11223344
stu171,11223344
stu172,11223344
stu173,11223344
stu174,11223344
stu175,11223344
stu176,11223344
stu177,11223344
stu178,11223344
stu179,11223344
stu180,11223344
stu181,11223344
stu182,11223344
stu183,11223344
stu184,11223344
stu185,11223344
stu186,11223344
stu187,11223344
stu188,11223344
stu189,11223344
stu190,11223344
stu191,11223344
stu192,11223344
stu193,11223344
stu194,11223344
stu195,11223344
stu196,11223344
stu197,11223344
stu198,11223344
stu199,11223344
stu200,11223344
stu201,11223344
stu202,11223344
stu203,11223344
stu204,11223344
stu205,11223344
stu206,11223344
stu207,11223344
stu208,11223344
stu209,11223344
stu210,11223344
stu211,11223344
stu212,11223344
stu213,11223344
stu214,11223344
stu215,11223344
stu216,11223344
stu217,11223344
stu218,11223344
stu219,11223344
stu220,11223344
stu221,11223344
stu222,11223344
stu223,11223344
stu224,11223344
stu225,11223344
stu226,11223344
stu227,11223344
stu228,11223344
stu229,11223344
stu230,11223344
stu231,11223344
stu232,11223344
stu233,11223344
stu234,11223344
stu235,11223344
stu236,11223344
stu237,11223344
stu238,11223344
stu239,11223344
stu240,11223344
stu241,11223344
stu242,11223344
stu243,11223344
stu244,11223344
stu245,11223344
stu246,11223344
stu247,11223344
stu248,11223344
stu249,11223344
stu250,11223344
stu251,11223344
stu252,11223344
stu253,11223344
stu254,11223344
stu255,11223344
stu256,11223344
stu257,11223344
stu258,11223344
stu259,11223344
stu260,11223344
stu261,11223344
stu262,11223344
stu263,11223344
stu264,11223344
stu265,11223344
stu266,11223344
stu267,11223344
stu268,11223344
stu269,11223344
stu270,11223344
stu271,11223344
stu272,11223344
stu273,11223344
stu274,11223344
stu275,11223344
stu276,11223344
stu277,11223344
stu278,11223344
stu279,11223344
stu280,11223344
stu281,11223344
stu282,11223344
stu283,11223344
stu284,11223344
stu285,11223344
stu286,11223344
stu287,11223344
stu288,11223344
stu289,11223344
stu290,11223344
stu291,11223344
stu292,11223344
stu293,11223344
stu294,11223344
stu295,11223344
stu296,11223344
stu297,11223344
stu298,11223344
stu299,11223344
stu300,11223344
stu301,11223344
stu302,11223344
stu303,11223344
stu304,11223344
stu305,11223344
stu306,11223344
stu307,11223344
stu308,11223344
stu309,11223344
stu310,11223344
stu311,11223344
stu312,11223344
stu313,11223344
stu314,11223344
stu315,11223344
stu316,11223344
stu317,11223344
stu318,11223344
stu319,11223344
stu320,11223344
stu321,11223344
stu322,11223344
stu323,11223344
stu324,11223344
stu325,11223344
stu326,11223344
stu327,11223344
stu328,11223344
stu329,11223344
stu330,11223344
stu331,11223344
stu332,11223344
stu333,11223344
stu334,11223344
stu335,11223344
stu336,11223344
stu337,11223344
stu338,11223344
stu339,11223344
stu340,11223344
stu341,11223344
stu342,11223344
stu343,11223344
stu344,11223344
stu345,11223344
stu346,11223344
stu347,11223344
stu348,11223344
stu349,11223344
stu350,11223344
stu351,11223344
stu352,11223344
stu353,11223344
stu354,11223344
stu355,11223344
stu356,11223344
stu357,11223344
stu358,11223344
stu359,11223344
stu360,11223344
stu361,11223344
stu362,11223344
stu363,11223344
stu364,11223344
stu365,11223344
stu366,11223344
stu367,11223344
stu368,11223344
stu369,11223344
stu370,11223344
stu371,11223344
stu372,11223344
stu373,11223344
stu374,11223344
stu375,11223344
stu376,11223344
stu377,11223344
stu378,11223344
stu379,11223344
stu380,11223344
stu381,11223344
stu382,11223344
stu383,11223344
stu384,11223344
stu385,11223344
stu386,11223344
stu387,11223344
stu388,11223344
stu389,11223344
stu390,11223344
stu391,11223344
stu392,11223344
stu393,11223344
stu394,11223344
stu395,11223344
stu396,11223344
stu397,11223344
stu398,11223344
stu399,11223344
stu400,11223344
stu401,11223344
stu402,11223344
stu403,11223344
stu404,11223344
stu405,11223344
stu406,11223344
stu407,11223344
stu408,11223344
stu409,11223344
stu410,11223344
stu411,11223344
stu412,11223344
stu413,11223344
stu414,11223344
stu415,11223344
stu416,11223344
stu417,11223344
stu418,11223344
stu419,11223344
stu420,11223344
stu421,11223344
stu422,11223344
stu423,11223344
stu424,11223344
stu425,11223344
stu426,11223344
stu427,11223344
stu428,11223344
stu429,11223344
stu430,11223344
stu431,11223344
stu432,11223344
stu433,11223344
stu434,11223344
stu435,11223344
stu436,11223344
stu437,11223344
stu438,11223344
stu439,11223344
stu440,11223344
stu441,11223344
stu442,11223344
stu443,11223344
stu444,11223344
stu445,11223344
stu446,11223344
stu447,11223344
stu448,11223344
stu449,11223344
stu450,11223344
stu451,11223344
stu452,11223344
stu453,11223344
stu454,11223344
stu455,11223344
stu456,11223344
stu457,11223344
stu458,11223344
stu459,11223344
stu460,11223344
stu461,11223344
stu462,11223344
stu463,11223344
stu464,11223344
stu465,11223344
stu466,11223344
stu467,11223344
stu468,11223344
stu469,11223344
stu470,11223344
stu471,11223344
stu472,11223344
stu473,11223344
stu474,11223344
stu475,11223344
stu476,11223344
stu477,11223344
stu478,11223344
stu479,11223344
stu480,11223344
stu481,11223344
stu482,11223344
stu483,11223344
stu484,11223344
stu485,11223344
stu486,11223344
stu487,11223344
stu488,11223344
stu489,11223344
stu490,11223344
stu491,11223344
stu492,11223344
stu493,11223344
stu494,11223344
stu495,11223344
stu496,11223344
stu497,11223344
stu498,11223344
stu499,11223344
